"SUB","Subject","LOCATION","Country","YEA","Year","Value","Flag Codes","Flags"
"EVOPOP_T1","Population levels","FIN","Finland","1993","1993",5066.447,,
"EVOPOP_T1","Population levels","FIN","Finland","1994","1994",5088.333,,
"EVOPOP_T1","Population levels","FIN","Finland","1995","1995",5107.79,,
"EVOPOP_T1","Population levels","FIN","Finland","1996","1996",5124.573,,
"EVOPOP_T1","Population levels","FIN","Finland","1997","1997",5139.834,,
"EVOPOP_T1","Population levels","FIN","Finland","1998","1998",5153.497,,
"EVOPOP_T1","Population levels","FIN","Finland","1999","1999",5165.474,,
"EVOPOP_T1","Population levels","FIN","Finland","2000","2000",5176.208,,
"EVOPOP_T1","Population levels","FIN","Finland","2001","2001",5188.008,,
"EVOPOP_T1","Population levels","FIN","Finland","2002","2002",5200.598,,
"EVOPOP_T1","Population levels","FIN","Finland","2003","2003",5213.013,,
"EVOPOP_T1","Population levels","FIN","Finland","2004","2004",5228.171,,
"EVOPOP_T1","Population levels","FIN","Finland","2005","2005",5246.095,,
"EVOPOP_T1","Population levels","FIN","Finland","2006","2006",5266.267,,
"EVOPOP_T1","Population levels","FIN","Finland","2007","2007",5288.719,,
"EVOPOP_T1","Population levels","FIN","Finland","2008","2008",5313.399,,
"EVOPOP_T1","Population levels","FIN","Finland","2009","2009",5338.87,,
"EVOPOP_T1","Population levels","FIN","Finland","2010","2010",5363.351,,
"EVOPOP_T1","Population levels","FIN","Finland","2011","2011",5388,,
"EVOPOP_T1","Population levels","FIN","Finland","2012","2012",5430.392,,
"EVOPOP_T1","Population levels","FIN","Finland","2013","2013",5456.561,,
"EVOPOP_T1","Population levels","FIN","Finland","2014","2014",5482.662,,
"EVOPOP_T1","Population levels","FIN","Finland","2015","2015",5508.728,,
"EVOPOP_T1","Population levels","FIN","Finland","2016","2016",5534.615,,
"EVOPOP_T1","Population levels","FIN","Finland","2017","2017",5560.352,,
"EVOPOP_T1","Population levels","FIN","Finland","2018","2018",5585.853,,
"EVOPOP_T1","Population levels","SVK","Slovak Republic","1993","1993",5325.305,,
"EVOPOP_T1","Population levels","SVK","Slovak Republic","1994","1994",5346.331,,
"EVOPOP_T1","Population levels","SVK","Slovak Republic","1995","1995",5361.998,,
"EVOPOP_T1","Population levels","SVK","Slovak Republic","1996","1996",5373.361,,
"EVOPOP_T1","Population levels","SVK","Slovak Republic","1997","1997",5383.291,,
"EVOPOP_T1","Population levels","SVK","Slovak Republic","1998","1998",5390.516,,
"EVOPOP_T1","Population levels","SVK","Slovak Republic","1999","1999",5396.019,,
"EVOPOP_T1","Population levels","SVK","Slovak Republic","2000","2000",5388.72,,
"EVOPOP_T1","Population levels","SVK","Slovak Republic","2001","2001",5378.867,,
"EVOPOP_T1","Population levels","SVK","Slovak Republic","2002","2002",5379.056,,
"EVOPOP_T1","Population levels","SVK","Slovak Republic","2003","2003",5379.607,,
"EVOPOP_T1","Population levels","SVK","Slovak Republic","2004","2004",5382.437,,
"EVOPOP_T1","Population levels","SVK","Slovak Republic","2005","2005",5387.001,,
"EVOPOP_T1","Population levels","SVK","Slovak Republic","2006","2006",5391.408,,
"EVOPOP_T1","Population levels","SVK","Slovak Republic","2007","2007",5397.317,,
"EVOPOP_T1","Population levels","SVK","Slovak Republic","2008","2008",5406.626,,
"EVOPOP_T1","Population levels","SVK","Slovak Republic","2009","2009",5418.589,,
"EVOPOP_T1","Population levels","SVK","Slovak Republic","2010","2010",5430.099,,
"EVOPOP_T1","Population levels","SVK","Slovak Republic","2012","2012",5407.966,,
"EVOPOP_T1","Population levels","SVK","Slovak Republic","2013","2013",5411.112,,
"EVOPOP_T1","Population levels","SVK","Slovak Republic","2014","2014",5413.84,,
"EVOPOP_T1","Population levels","SVK","Slovak Republic","2015","2015",5416.032,,
"EVOPOP_T1","Population levels","SVK","Slovak Republic","2016","2016",5417.648,,
"EVOPOP_T1","Population levels","SVK","Slovak Republic","2017","2017",5418.616,,
"EVOPOP_T1","Population levels","SVK","Slovak Republic","2018","2018",5418.845,,
"EVOPOP_T1","Population levels","ISL","Iceland","1993","1993",263.783,,
"EVOPOP_T1","Population levels","ISL","Iceland","1994","1994",266.006,,
"EVOPOP_T1","Population levels","ISL","Iceland","1995","1995",267.38,,
"EVOPOP_T1","Population levels","ISL","Iceland","1996","1996",268.927,,
"EVOPOP_T1","Population levels","ISL","Iceland","1997","1997",270.915,,
"EVOPOP_T1","Population levels","ISL","Iceland","1998","1998",273.794,,
"EVOPOP_T1","Population levels","ISL","Iceland","1999","1999",277.184,,
"EVOPOP_T1","Population levels","ISL","Iceland","2000","2000",281.154,,
"EVOPOP_T1","Population levels","ISL","Iceland","2001","2001",285.054,,
"EVOPOP_T1","Population levels","ISL","Iceland","2002","2002",287.559,,
"EVOPOP_T1","Population levels","ISL","Iceland","2003","2003",289.272,,
"EVOPOP_T1","Population levels","ISL","Iceland","2004","2004",292.587,,
"EVOPOP_T1","Population levels","ISL","Iceland","2005","2005",295.864,,
"EVOPOP_T1","Population levels","ISL","Iceland","2006","2006",304.334,,
"EVOPOP_T1","Population levels","ISL","Iceland","2007","2007",311.396,,
"EVOPOP_T1","Population levels","ISL","Iceland","2008","2008",319.355,,
"EVOPOP_T1","Population levels","ISL","Iceland","2009","2009",319.246,,
"EVOPOP_T1","Population levels","ISL","Iceland","2010","2010",318.006,,
"EVOPOP_T1","Population levels","ISL","Iceland","2011","2011",319.0135,,
"EVOPOP_T1","Population levels","ISL","Iceland","2012","2012",319.575,,
"EVOPOP_T1","Population levels","ISL","Iceland","2013","2013",322.086,,
"EVOPOP_T1","Population levels","ISL","Iceland","2014","2014",324.988,,
"EVOPOP_T1","Population levels","ISL","Iceland","2015","2015",328.062,,
"EVOPOP_T1","Population levels","ISL","Iceland","2016","2016",331.368,,
"EVOPOP_T1","Population levels","ISL","Iceland","2017","2017",334.838,,
"EVOPOP_T1","Population levels","ISL","Iceland","2018","2018",338.279,,
"EVOPOP_T1","Population levels","SVN","Slovenia","1993","1993",1991.746,,
"EVOPOP_T1","Population levels","SVN","Slovenia","1994","1994",1989.442,,
"EVOPOP_T1","Population levels","SVN","Slovenia","1995","1995",1989.871,,
"EVOPOP_T1","Population levels","SVN","Slovenia","1996","1996",1988.627,,
"EVOPOP_T1","Population levels","SVN","Slovenia","1997","1997",1985.956,,
"EVOPOP_T1","Population levels","SVN","Slovenia","1998","1998",1981.628,,
"EVOPOP_T1","Population levels","SVN","Slovenia","1999","1999",1983.044,,
"EVOPOP_T1","Population levels","SVN","Slovenia","2000","2000",1988.924,,
"EVOPOP_T1","Population levels","SVN","Slovenia","2001","2001",1992.06,,
"EVOPOP_T1","Population levels","SVN","Slovenia","2002","2002",1994.529,,
"EVOPOP_T1","Population levels","SVN","Slovenia","2003","2003",1995.733,,
"EVOPOP_T1","Population levels","SVN","Slovenia","2004","2004",1997.011,,
"EVOPOP_T1","Population levels","SVN","Slovenia","2005","2005",2000.474,,
"EVOPOP_T1","Population levels","SVN","Slovenia","2006","2006",2006.867,,
"EVOPOP_T1","Population levels","SVN","Slovenia","2007","2007",2010.323,,
"EVOPOP_T1","Population levels","SVN","Slovenia","2008","2008",2021.315,,
"EVOPOP_T1","Population levels","SVN","Slovenia","2009","2009",2039.669,,
"EVOPOP_T1","Population levels","SVN","Slovenia","2010","2010",2048.582,,
"EVOPOP_T1","Population levels","SVN","Slovenia","2012","2012",2039.627,,
"EVOPOP_T1","Population levels","SVN","Slovenia","2013","2013",2043.666,,
"EVOPOP_T1","Population levels","SVN","Slovenia","2014","2014",2048.169,,
"EVOPOP_T1","Population levels","SVN","Slovenia","2015","2015",2053.07,,
"EVOPOP_T1","Population levels","SVN","Slovenia","2016","2016",2054.766,,
"EVOPOP_T1","Population levels","SVN","Slovenia","2017","2017",2057.481,,
"EVOPOP_T1","Population levels","SVN","Slovenia","2018","2018",2060.673,,
"EVOPOP_T1","Population levels","SWE","Sweden","1993","1993",8718.561,,
"EVOPOP_T1","Population levels","SWE","Sweden","1994","1994",8780.745,,
"EVOPOP_T1","Population levels","SWE","Sweden","1995","1995",8826.938,,
"EVOPOP_T1","Population levels","SWE","Sweden","1996","1996",8840.997,,
"EVOPOP_T1","Population levels","SWE","Sweden","1997","1997",8846.062,,
"EVOPOP_T1","Population levels","SWE","Sweden","1998","1998",8850.973,,
"EVOPOP_T1","Population levels","SWE","Sweden","1999","1999",8857.874,,
"EVOPOP_T1","Population levels","SWE","Sweden","2000","2000",8872.109,,
"EVOPOP_T1","Population levels","SWE","Sweden","2001","2001",8895.96,,
"EVOPOP_T1","Population levels","SWE","Sweden","2002","2002",8924.958,,
"EVOPOP_T1","Population levels","SWE","Sweden","2003","2003",8958.229,,
"EVOPOP_T1","Population levels","SWE","Sweden","2004","2004",8993.531,,
"EVOPOP_T1","Population levels","SWE","Sweden","2005","2005",9029.572,,
"EVOPOP_T1","Population levels","SWE","Sweden","2006","2006",9080.504,,
"EVOPOP_T1","Population levels","SWE","Sweden","2007","2007",9148.092,,
"EVOPOP_T1","Population levels","SWE","Sweden","2008","2008",9219.637,,
"EVOPOP_T1","Population levels","SWE","Sweden","2009","2009",9298.514,,
"EVOPOP_T1","Population levels","SWE","Sweden","2010","2010",9378.126,,
"EVOPOP_T1","Population levels","SWE","Sweden","2011","2011",9449,,
"EVOPOP_T1","Population levels","SWE","Sweden","2012","2012",9551,,
"EVOPOP_T1","Population levels","SWE","Sweden","2013","2013",9613,,
"EVOPOP_T1","Population levels","SWE","Sweden","2014","2014",9674,,
"EVOPOP_T1","Population levels","SWE","Sweden","2015","2015",9731,,
"EVOPOP_T1","Population levels","SWE","Sweden","2016","2016",9784,,
"EVOPOP_T1","Population levels","SWE","Sweden","2017","2017",9833,,
"EVOPOP_T1","Population levels","SWE","Sweden","2018","2018",9881,,
"EVOPOP_T1","Population levels","ITA","Italy","1993","1993",56831.82,,
"EVOPOP_T1","Population levels","ITA","Italy","1994","1994",56843.4,,
"EVOPOP_T1","Population levels","ITA","Italy","1995","1995",56844.3,,
"EVOPOP_T1","Population levels","ITA","Italy","1996","1996",56860.28,,
"EVOPOP_T1","Population levels","ITA","Italy","1997","1997",56890.37,,
"EVOPOP_T1","Population levels","ITA","Italy","1998","1998",56906.74,,
"EVOPOP_T1","Population levels","ITA","Italy","1999","1999",56916.32,,
"EVOPOP_T1","Population levels","ITA","Italy","2000","2000",56942.11,,
"EVOPOP_T1","Population levels","ITA","Italy","2001","2001",56977.22,,
"EVOPOP_T1","Population levels","ITA","Italy","2002","2002",57157.41,,
"EVOPOP_T1","Population levels","ITA","Italy","2003","2003",57604.66,,
"EVOPOP_T1","Population levels","ITA","Italy","2004","2004",58175.31,,
"EVOPOP_T1","Population levels","ITA","Italy","2005","2005",58607.04,,
"EVOPOP_T1","Population levels","ITA","Italy","2006","2006",58941.5,,
"EVOPOP_T1","Population levels","ITA","Italy","2007","2007",59375.29,,
"EVOPOP_T1","Population levels","ITA","Italy","2008","2008",59832.18,,
"EVOPOP_T1","Population levels","ITA","Italy","2009","2009",60192.7,,
"EVOPOP_T1","Population levels","ITA","Italy","2010","2010",60483.39,,
"EVOPOP_T1","Population levels","ITA","Italy","2012","2012",59100.81,,
"EVOPOP_T1","Population levels","ITA","Italy","2013","2013",59127.59,,
"EVOPOP_T1","Population levels","ITA","Italy","2014","2014",59140.91,,
"EVOPOP_T1","Population levels","ITA","Italy","2015","2015",59141.72,,
"EVOPOP_T1","Population levels","ITA","Italy","2016","2016",59131.93,,
"EVOPOP_T1","Population levels","ITA","Italy","2017","2017",59114.84,,
"EVOPOP_T1","Population levels","ITA","Italy","2018","2018",59088.48,,
"EVOPOP_T1","Population levels","OTO","OECD - Total","1993","1993",1092909,,
"EVOPOP_T1","Population levels","OTO","OECD - Total","1994","1994",1101416,,
"EVOPOP_T1","Population levels","OTO","OECD - Total","1995","1995",1109963,,
"EVOPOP_T1","Population levels","OTO","OECD - Total","1996","1996",1118073,,
"EVOPOP_T1","Population levels","OTO","OECD - Total","1997","1997",1126101,,
"EVOPOP_T1","Population levels","OTO","OECD - Total","1998","1998",1133804,,
"EVOPOP_T1","Population levels","OTO","OECD - Total","1999","1999",1141654,,
"EVOPOP_T1","Population levels","OTO","OECD - Total","2000","2000",1149947,,
"EVOPOP_T1","Population levels","OTO","OECD - Total","2001","2001",1158225,,
"EVOPOP_T1","Population levels","OTO","OECD - Total","2002","2002",1166286,,
"EVOPOP_T1","Population levels","OTO","OECD - Total","2003","2003",1174295,,
"EVOPOP_T1","Population levels","OTO","OECD - Total","2004","2004",1181563,,
"EVOPOP_T1","Population levels","OTO","OECD - Total","2005","2005",1189545,,
"EVOPOP_T1","Population levels","OTO","OECD - Total","2006","2006",1197595,,
"EVOPOP_T1","Population levels","OTO","OECD - Total","2007","2007",1205851,,
"EVOPOP_T1","Population levels","OTO","OECD - Total","2008","2008",1214366,,
"EVOPOP_T1","Population levels","OTO","OECD - Total","2009","2009",1221954,,
"EVOPOP_T1","Population levels","OTO","OECD - Total","2010","2010",1229690,,
"EVOPOP_T1","Population levels","OTO","OECD - Total","2011","2011",1231746,,
"EVOPOP_T1","Population levels","OTO","OECD - Total","2012","2012",1240743,,
"EVOPOP_T1","Population levels","OTO","OECD - Total","2013","2013",1247492,,
"EVOPOP_T1","Population levels","OTO","OECD - Total","2014","2014",1254127,,
"EVOPOP_T1","Population levels","OTO","OECD - Total","2015","2015",1260630,,
"EVOPOP_T1","Population levels","OTO","OECD - Total","2016","2016",1266989,,
"EVOPOP_T1","Population levels","OTO","OECD - Total","2017","2017",1273219,,
"EVOPOP_T1","Population levels","OTO","OECD - Total","2018","2018",1279308,,
"EVOPOP_T1","Population levels","CZE","Czech Republic","1993","1993",10329.86,,
"EVOPOP_T1","Population levels","CZE","Czech Republic","1994","1994",10333.59,,
"EVOPOP_T1","Population levels","CZE","Czech Republic","1995","1995",10327.25,,
"EVOPOP_T1","Population levels","CZE","Czech Republic","1996","1996",10315.24,,
"EVOPOP_T1","Population levels","CZE","Czech Republic","1997","1997",10304.13,,
"EVOPOP_T1","Population levels","CZE","Czech Republic","1998","1998",10294.37,,
"EVOPOP_T1","Population levels","CZE","Czech Republic","1999","1999",10283.86,,
"EVOPOP_T1","Population levels","CZE","Czech Republic","2000","2000",10272.32,,
"EVOPOP_T1","Population levels","CZE","Czech Republic","2001","2001",10236.49,,
"EVOPOP_T1","Population levels","CZE","Czech Republic","2002","2002",10204.85,,
"EVOPOP_T1","Population levels","CZE","Czech Republic","2003","2003",10207.36,,
"EVOPOP_T1","Population levels","CZE","Czech Republic","2004","2004",10216.02,,
"EVOPOP_T1","Population levels","CZE","Czech Republic","2005","2005",10235.83,,
"EVOPOP_T1","Population levels","CZE","Czech Republic","2006","2006",10269.13,,
"EVOPOP_T1","Population levels","CZE","Czech Republic","2007","2007",10334.16,,
"EVOPOP_T1","Population levels","CZE","Czech Republic","2008","2008",10424.34,,
"EVOPOP_T1","Population levels","CZE","Czech Republic","2009","2009",10487.18,,
"EVOPOP_T1","Population levels","CZE","Czech Republic","2010","2010",10519.79,,
"EVOPOP_T1","Population levels","CZE","Czech Republic","2012","2012",10292.11,,
"EVOPOP_T1","Population levels","CZE","Czech Republic","2013","2013",10296.63,,
"EVOPOP_T1","Population levels","CZE","Czech Republic","2014","2014",10299.79,,
"EVOPOP_T1","Population levels","CZE","Czech Republic","2015","2015",10301.52,,
"EVOPOP_T1","Population levels","CZE","Czech Republic","2016","2016",10301.82,,
"EVOPOP_T1","Population levels","CZE","Czech Republic","2017","2017",10300.64,,
"EVOPOP_T1","Population levels","CZE","Czech Republic","2018","2018",10297.93,,
"EVOPOP_T1","Population levels","NLD","Netherlands","1993","1993",15290.37,,
"EVOPOP_T1","Population levels","NLD","Netherlands","1994","1994",15382.84,,
"EVOPOP_T1","Population levels","NLD","Netherlands","1995","1995",15459,,
"EVOPOP_T1","Population levels","NLD","Netherlands","1996","1996",15530.5,,
"EVOPOP_T1","Population levels","NLD","Netherlands","1997","1997",15610.65,,
"EVOPOP_T1","Population levels","NLD","Netherlands","1998","1998",15707.21,,
"EVOPOP_T1","Population levels","NLD","Netherlands","1999","1999",15812.09,,
"EVOPOP_T1","Population levels","NLD","Netherlands","2000","2000",15925.51,,
"EVOPOP_T1","Population levels","NLD","Netherlands","2001","2001",16046.18,,
"EVOPOP_T1","Population levels","NLD","Netherlands","2002","2002",16148.93,,
"EVOPOP_T1","Population levels","NLD","Netherlands","2003","2003",16225.3,,
"EVOPOP_T1","Population levels","NLD","Netherlands","2004","2004",16281.78,,
"EVOPOP_T1","Population levels","NLD","Netherlands","2005","2005",16319.87,,
"EVOPOP_T1","Population levels","NLD","Netherlands","2006","2006",16346.1,,
"EVOPOP_T1","Population levels","NLD","Netherlands","2007","2007",16381.7,,
"EVOPOP_T1","Population levels","NLD","Netherlands","2008","2008",16445.59,,
"EVOPOP_T1","Population levels","NLD","Netherlands","2009","2009",16530.39,,
"EVOPOP_T1","Population levels","NLD","Netherlands","2010","2010",16615.39,,
"EVOPOP_T1","Population levels","NLD","Netherlands","2012","2012",16778.01,,
"EVOPOP_T1","Population levels","NLD","Netherlands","2013","2013",16851,,
"EVOPOP_T1","Population levels","NLD","Netherlands","2014","2014",16918.49,,
"EVOPOP_T1","Population levels","NLD","Netherlands","2015","2015",16981.21,,
"EVOPOP_T1","Population levels","NLD","Netherlands","2016","2016",17039.76,,
"EVOPOP_T1","Population levels","NLD","Netherlands","2017","2017",17094.99,,
"EVOPOP_T1","Population levels","NLD","Netherlands","2018","2018",17146.83,,
"EVOPOP_T1","Population levels","USA","United States","1993","1993",259918.6,,
"EVOPOP_T1","Population levels","USA","United States","1994","1994",263125.8,,
"EVOPOP_T1","Population levels","USA","United States","1995","1995",266278.4,,
"EVOPOP_T1","Population levels","USA","United States","1996","1996",269394.3,,
"EVOPOP_T1","Population levels","USA","United States","1997","1997",272646.9,,
"EVOPOP_T1","Population levels","USA","United States","1998","1998",275854.1,,
"EVOPOP_T1","Population levels","USA","United States","1999","1999",279040.2,,
"EVOPOP_T1","Population levels","USA","United States","2000","2000",282162.4,,
"EVOPOP_T1","Population levels","USA","United States","2001","2001",284969,,
"EVOPOP_T1","Population levels","USA","United States","2002","2002",287625.2,,
"EVOPOP_T1","Population levels","USA","United States","2003","2003",290107.9,,
"EVOPOP_T1","Population levels","USA","United States","2004","2004",292805.3,,
"EVOPOP_T1","Population levels","USA","United States","2005","2005",295516.6,,
"EVOPOP_T1","Population levels","USA","United States","2006","2006",298379.9,,
"EVOPOP_T1","Population levels","USA","United States","2007","2007",301231.2,,
"EVOPOP_T1","Population levels","USA","United States","2008","2008",304094,,
"EVOPOP_T1","Population levels","USA","United States","2009","2009",306771.5,,
"EVOPOP_T1","Population levels","USA","United States","2010","2010",309330.2,,
"EVOPOP_T1","Population levels","USA","United States","2011","2011",311591.9,,
"EVOPOP_T1","Population levels","USA","United States","2012","2012",316265.5,,
"EVOPOP_T1","Population levels","USA","United States","2013","2013",319330.3,,
"EVOPOP_T1","Population levels","USA","United States","2014","2014",322423,,
"EVOPOP_T1","Population levels","USA","United States","2015","2015",325539.8,,
"EVOPOP_T1","Population levels","USA","United States","2016","2016",328677.5,,
"EVOPOP_T1","Population levels","USA","United States","2017","2017",331833.5,,
"EVOPOP_T1","Population levels","USA","United States","2018","2018",335005.2,,
"EVOPOP_T1","Population levels","CAN","Canada","1993","1993",28684.76,,
"EVOPOP_T1","Population levels","CAN","Canada","1994","1994",29000.66,,
"EVOPOP_T1","Population levels","CAN","Canada","1995","1995",29302.31,,
"EVOPOP_T1","Population levels","CAN","Canada","1996","1996",29610.22,,
"EVOPOP_T1","Population levels","CAN","Canada","1997","1997",29905.95,,
"EVOPOP_T1","Population levels","CAN","Canada","1998","1998",30155.17,,
"EVOPOP_T1","Population levels","CAN","Canada","1999","1999",30401.29,,
"EVOPOP_T1","Population levels","CAN","Canada","2000","2000",30685.73,,
"EVOPOP_T1","Population levels","CAN","Canada","2001","2001",31019.02,,
"EVOPOP_T1","Population levels","CAN","Canada","2002","2002",31353.66,,
"EVOPOP_T1","Population levels","CAN","Canada","2003","2003",31639.67,,
"EVOPOP_T1","Population levels","CAN","Canada","2004","2004",31940.68,,
"EVOPOP_T1","Population levels","CAN","Canada","2005","2005",32245.21,,
"EVOPOP_T1","Population levels","CAN","Canada","2006","2006",32576.07,,
"EVOPOP_T1","Population levels","CAN","Canada","2007","2007",32929.73,,
"EVOPOP_T1","Population levels","CAN","Canada","2008","2008",33315.98,,
"EVOPOP_T1","Population levels","CAN","Canada","2009","2009",33720.18,,
"EVOPOP_T1","Population levels","CAN","Canada","2010","2010",34108.75,,
"EVOPOP_T1","Population levels","CAN","Canada","2012","2012",34180.7,,
"EVOPOP_T1","Population levels","CAN","Canada","2013","2013",34452.1,,
"EVOPOP_T1","Population levels","CAN","Canada","2014","2014",34723.8,,
"EVOPOP_T1","Population levels","CAN","Canada","2015","2015",34995.4,,
"EVOPOP_T1","Population levels","CAN","Canada","2016","2016",35266.8,,
"EVOPOP_T1","Population levels","CAN","Canada","2017","2017",35537.6,,
"EVOPOP_T1","Population levels","CAN","Canada","2018","2018",35807.6,,
"EVOPOP_T1","Population levels","NOR","Norway","1993","1993",4311.984,,
"EVOPOP_T1","Population levels","NOR","Norway","1994","1994",4336.614,,
"EVOPOP_T1","Population levels","NOR","Norway","1995","1995",4359.187,,
"EVOPOP_T1","Population levels","NOR","Norway","1996","1996",4381.339,,
"EVOPOP_T1","Population levels","NOR","Norway","1997","1997",4405.158,,
"EVOPOP_T1","Population levels","NOR","Norway","1998","1998",4431.465,,
"EVOPOP_T1","Population levels","NOR","Norway","1999","1999",4461.915,,
"EVOPOP_T1","Population levels","NOR","Norway","2000","2000",4490.973,,
"EVOPOP_T1","Population levels","NOR","Norway","2001","2001",4513.747,,
"EVOPOP_T1","Population levels","NOR","Norway","2002","2002",4538.157,,
"EVOPOP_T1","Population levels","NOR","Norway","2003","2003",4564.856,,
"EVOPOP_T1","Population levels","NOR","Norway","2004","2004",4591.909,,
"EVOPOP_T1","Population levels","NOR","Norway","2005","2005",4623.293,,
"EVOPOP_T1","Population levels","NOR","Norway","2006","2006",4660.673,,
"EVOPOP_T1","Population levels","NOR","Norway","2007","2007",4709.156,,
"EVOPOP_T1","Population levels","NOR","Norway","2008","2008",4768.211,,
"EVOPOP_T1","Population levels","NOR","Norway","2009","2009",4828.726,,
"EVOPOP_T1","Population levels","NOR","Norway","2010","2010",4889.252,,
"EVOPOP_T1","Population levels","NOR","Norway","2011","2011",4953,,
"EVOPOP_T1","Population levels","NOR","Norway","2012","2012",4817.525,,
"EVOPOP_T1","Population levels","NOR","Norway","2013","2013",4845.877,,
"EVOPOP_T1","Population levels","NOR","Norway","2014","2014",4874.773,,
"EVOPOP_T1","Population levels","NOR","Norway","2015","2015",4904.304,,
"EVOPOP_T1","Population levels","NOR","Norway","2016","2016",4934.484,,
"EVOPOP_T1","Population levels","NOR","Norway","2017","2017",4965.337,,
"EVOPOP_T1","Population levels","NOR","Norway","2018","2018",4996.83,,
"EVOPOP_T1","Population levels","CHL","Chile","1993","1993",13908.47,,
"EVOPOP_T1","Population levels","CHL","Chile","1994","1994",14151.71,,
"EVOPOP_T1","Population levels","CHL","Chile","1995","1995",14394.94,,
"EVOPOP_T1","Population levels","CHL","Chile","1996","1996",14595.5,,
"EVOPOP_T1","Population levels","CHL","Chile","1997","1997",14796.08,,
"EVOPOP_T1","Population levels","CHL","Chile","1998","1998",14996.65,,
"EVOPOP_T1","Population levels","CHL","Chile","1999","1999",15197.21,,
"EVOPOP_T1","Population levels","CHL","Chile","2000","2000",15397.78,,
"EVOPOP_T1","Population levels","CHL","Chile","2001","2001",15571.68,,
"EVOPOP_T1","Population levels","CHL","Chile","2002","2002",15745.58,,
"EVOPOP_T1","Population levels","CHL","Chile","2003","2003",15919.48,,
"EVOPOP_T1","Population levels","CHL","Chile","2004","2004",16093.38,,
"EVOPOP_T1","Population levels","CHL","Chile","2005","2005",16267.28,,
"EVOPOP_T1","Population levels","CHL","Chile","2006","2006",16432.67,,
"EVOPOP_T1","Population levels","CHL","Chile","2007","2007",16598.07,,
"EVOPOP_T1","Population levels","CHL","Chile","2008","2008",16763.47,,
"EVOPOP_T1","Population levels","CHL","Chile","2009","2009",16928.87,,
"EVOPOP_T1","Population levels","CHL","Chile","2010","2010",17094.28,,
"EVOPOP_T1","Population levels","CHL","Chile","2011","2011",17248.45,,
"EVOPOP_T1","Population levels","CHL","Chile","2012","2012",17402.63,,
"EVOPOP_T1","Population levels","CHL","Chile","2013","2013",17556.81,,
"EVOPOP_T1","Population levels","CHL","Chile","2014","2014",17711,,
"EVOPOP_T1","Population levels","CHL","Chile","2015","2015",17865.19,,
"EVOPOP_T1","Population levels","CHL","Chile","2016","2016",18001.96,,
"EVOPOP_T1","Population levels","CHL","Chile","2017","2017",18138.75,,
"EVOPOP_T1","Population levels","CHL","Chile","2018","2018",18275.53,,
"EVOPOP_T1","Population levels","DEU","Germany","1993","1993",81156.36,,
"EVOPOP_T1","Population levels","DEU","Germany","1994","1994",81438.35,,
"EVOPOP_T1","Population levels","DEU","Germany","1995","1995",81678.05,,
"EVOPOP_T1","Population levels","DEU","Germany","1996","1996",81914.83,,
"EVOPOP_T1","Population levels","DEU","Germany","1997","1997",82034.77,,
"EVOPOP_T1","Population levels","DEU","Germany","1998","1998",82047.2,,
"EVOPOP_T1","Population levels","DEU","Germany","1999","1999",82100.24,,
"EVOPOP_T1","Population levels","DEU","Germany","2000","2000",82211.51,,
"EVOPOP_T1","Population levels","DEU","Germany","2001","2001",82349.92,,
"EVOPOP_T1","Population levels","DEU","Germany","2002","2002",82488.49,,
"EVOPOP_T1","Population levels","DEU","Germany","2003","2003",82534.18,,
"EVOPOP_T1","Population levels","DEU","Germany","2004","2004",82516.26,,
"EVOPOP_T1","Population levels","DEU","Germany","2005","2005",82469.42,,
"EVOPOP_T1","Population levels","DEU","Germany","2006","2006",82376.45,,
"EVOPOP_T1","Population levels","DEU","Germany","2007","2007",82266.38,,
"EVOPOP_T1","Population levels","DEU","Germany","2008","2008",82110.09,,
"EVOPOP_T1","Population levels","DEU","Germany","2009","2009",81902.3,,
"EVOPOP_T1","Population levels","DEU","Germany","2010","2010",81777,,
"EVOPOP_T1","Population levels","DEU","Germany","2012","2012",81212,,
"EVOPOP_T1","Population levels","DEU","Germany","2013","2013",81060,,
"EVOPOP_T1","Population levels","DEU","Germany","2014","2014",80920,,
"EVOPOP_T1","Population levels","DEU","Germany","2015","2015",80772,,
"EVOPOP_T1","Population levels","DEU","Germany","2016","2016",80616,,
"EVOPOP_T1","Population levels","DEU","Germany","2017","2017",80453,,
"EVOPOP_T1","Population levels","DEU","Germany","2018","2018",80282,,
"EVOPOP_T1","Population levels","PRT","Portugal","1993","1993",9982.59,,
"EVOPOP_T1","Population levels","PRT","Portugal","1994","1994",10004.08,,
"EVOPOP_T1","Population levels","PRT","Portugal","1995","1995",10030.38,,
"EVOPOP_T1","Population levels","PRT","Portugal","1996","1996",10057.86,,
"EVOPOP_T1","Population levels","PRT","Portugal","1997","1997",10091.12,,
"EVOPOP_T1","Population levels","PRT","Portugal","1998","1998",10129.29,,
"EVOPOP_T1","Population levels","PRT","Portugal","1999","1999",10171.95,,
"EVOPOP_T1","Population levels","PRT","Portugal","2000","2000",10225.84,,
"EVOPOP_T1","Population levels","PRT","Portugal","2001","2001",10293,,
"EVOPOP_T1","Population levels","PRT","Portugal","2002","2002",10368.4,,
"EVOPOP_T1","Population levels","PRT","Portugal","2003","2003",10441.08,,
"EVOPOP_T1","Population levels","PRT","Portugal","2004","2004",10501.97,,
"EVOPOP_T1","Population levels","PRT","Portugal","2005","2005",10549.42,,
"EVOPOP_T1","Population levels","PRT","Portugal","2006","2006",10584.34,,
"EVOPOP_T1","Population levels","PRT","Portugal","2007","2007",10608.33,,
"EVOPOP_T1","Population levels","PRT","Portugal","2008","2008",10622.41,,
"EVOPOP_T1","Population levels","PRT","Portugal","2009","2009",10632.48,,
"EVOPOP_T1","Population levels","PRT","Portugal","2010","2010",10637.35,,
"EVOPOP_T1","Population levels","PRT","Portugal","2012","2012",10704.19,,
"EVOPOP_T1","Population levels","PRT","Portugal","2013","2013",10722.93,,
"EVOPOP_T1","Population levels","PRT","Portugal","2014","2014",10740.98,,
"EVOPOP_T1","Population levels","PRT","Portugal","2015","2015",10758.28,,
"EVOPOP_T1","Population levels","PRT","Portugal","2016","2016",10774.79,,
"EVOPOP_T1","Population levels","PRT","Portugal","2017","2017",10790.59,,
"EVOPOP_T1","Population levels","PRT","Portugal","2018","2018",10805.8,,
"EVOPOP_T1","Population levels","HUN","Hungary","1993","1993",10357.52,,
"EVOPOP_T1","Population levels","HUN","Hungary","1994","1994",10343.36,,
"EVOPOP_T1","Population levels","HUN","Hungary","1995","1995",10328.96,,
"EVOPOP_T1","Population levels","HUN","Hungary","1996","1996",10311.24,,
"EVOPOP_T1","Population levels","HUN","Hungary","1997","1997",10290.49,,
"EVOPOP_T1","Population levels","HUN","Hungary","1998","1998",10266.57,,
"EVOPOP_T1","Population levels","HUN","Hungary","1999","1999",10237.53,,
"EVOPOP_T1","Population levels","HUN","Hungary","2000","2000",10210.97,,
"EVOPOP_T1","Population levels","HUN","Hungary","2001","2001",10187.58,,
"EVOPOP_T1","Population levels","HUN","Hungary","2002","2002",10158.61,,
"EVOPOP_T1","Population levels","HUN","Hungary","2003","2003",10129.55,,
"EVOPOP_T1","Population levels","HUN","Hungary","2004","2004",10107.14,,
"EVOPOP_T1","Population levels","HUN","Hungary","2005","2005",10087.07,,
"EVOPOP_T1","Population levels","HUN","Hungary","2006","2006",10071.37,,
"EVOPOP_T1","Population levels","HUN","Hungary","2007","2007",10055.78,,
"EVOPOP_T1","Population levels","HUN","Hungary","2008","2008",10038.19,,
"EVOPOP_T1","Population levels","HUN","Hungary","2009","2009",10022.65,,
"EVOPOP_T1","Population levels","HUN","Hungary","2010","2010",10000.02,,
"EVOPOP_T1","Population levels","HUN","Hungary","2012","2012",9979.671,,
"EVOPOP_T1","Population levels","HUN","Hungary","2013","2013",9966.18,,
"EVOPOP_T1","Population levels","HUN","Hungary","2014","2014",9952.479,,
"EVOPOP_T1","Population levels","HUN","Hungary","2015","2015",9938.435,,
"EVOPOP_T1","Population levels","HUN","Hungary","2016","2016",9923.846,,
"EVOPOP_T1","Population levels","HUN","Hungary","2017","2017",9908.545,,
"EVOPOP_T1","Population levels","HUN","Hungary","2018","2018",9892.334,,
"EVOPOP_T1","Population levels","TUR","Turkey","1993","1993",57913,,
"EVOPOP_T1","Population levels","TUR","Turkey","1994","1994",58837,,
"EVOPOP_T1","Population levels","TUR","Turkey","1995","1995",59756,,
"EVOPOP_T1","Population levels","TUR","Turkey","1996","1996",60671,,
"EVOPOP_T1","Population levels","TUR","Turkey","1997","1997",61582,,
"EVOPOP_T1","Population levels","TUR","Turkey","1998","1998",62464,,
"EVOPOP_T1","Population levels","TUR","Turkey","1999","1999",63364,,
"EVOPOP_T1","Population levels","TUR","Turkey","2000","2000",64252,,
"EVOPOP_T1","Population levels","TUR","Turkey","2001","2001",65133,,
"EVOPOP_T1","Population levels","TUR","Turkey","2002","2002",66008,,
"EVOPOP_T1","Population levels","TUR","Turkey","2003","2003",66873,,
"EVOPOP_T1","Population levels","TUR","Turkey","2004","2004",67723,,
"EVOPOP_T1","Population levels","TUR","Turkey","2005","2005",68566,,
"EVOPOP_T1","Population levels","TUR","Turkey","2006","2006",69395,,
"EVOPOP_T1","Population levels","TUR","Turkey","2007","2007",70215,,
"EVOPOP_T1","Population levels","TUR","Turkey","2008","2008",71079,,
"EVOPOP_T1","Population levels","TUR","Turkey","2009","2009",71897,,
"EVOPOP_T1","Population levels","TUR","Turkey","2010","2010",72698,,
"EVOPOP_T1","Population levels","TUR","Turkey","2012","2012",74277,,
"EVOPOP_T1","Population levels","TUR","Turkey","2013","2013",75065,,
"EVOPOP_T1","Population levels","TUR","Turkey","2014","2014",75837,,
"EVOPOP_T1","Population levels","TUR","Turkey","2015","2015",76598,,
"EVOPOP_T1","Population levels","TUR","Turkey","2016","2016",77358,,
"EVOPOP_T1","Population levels","TUR","Turkey","2017","2017",78101,,
"EVOPOP_T1","Population levels","TUR","Turkey","2018","2018",78825,,
"EVOPOP_T1","Population levels","AUT","Austria","1993","1993",7905.632,,
"EVOPOP_T1","Population levels","AUT","Austria","1994","1994",7936.117,,
"EVOPOP_T1","Population levels","AUT","Austria","1995","1995",7948.278,,
"EVOPOP_T1","Population levels","AUT","Austria","1996","1996",7959.016,,
"EVOPOP_T1","Population levels","AUT","Austria","1997","1997",7968.041,,
"EVOPOP_T1","Population levels","AUT","Austria","1998","1998",7976.788,,
"EVOPOP_T1","Population levels","AUT","Austria","1999","1999",7992.323,,
"EVOPOP_T1","Population levels","AUT","Austria","2000","2000",8011.566,,
"EVOPOP_T1","Population levels","AUT","Austria","2001","2001",8042.293,,
"EVOPOP_T1","Population levels","AUT","Austria","2002","2002",8081.956,,
"EVOPOP_T1","Population levels","AUT","Austria","2003","2003",8121.423,,
"EVOPOP_T1","Population levels","AUT","Austria","2004","2004",8171.966,,
"EVOPOP_T1","Population levels","AUT","Austria","2005","2005",8227.828,,
"EVOPOP_T1","Population levels","AUT","Austria","2006","2006",8268.641,,
"EVOPOP_T1","Population levels","AUT","Austria","2007","2007",8300.788,,
"EVOPOP_T1","Population levels","AUT","Austria","2008","2008",8336.926,,
"EVOPOP_T1","Population levels","AUT","Austria","2009","2009",8365.275,,
"EVOPOP_T1","Population levels","AUT","Austria","2010","2010",8389.771,,
"EVOPOP_T1","Population levels","AUT","Austria","2011","2011",8420.9,,
"EVOPOP_T1","Population levels","AUT","Austria","2012","2012",8452.835,,
"EVOPOP_T1","Population levels","AUT","Austria","2013","2013",8487.785,,
"EVOPOP_T1","Population levels","AUT","Austria","2014","2014",8523.25,,
"EVOPOP_T1","Population levels","AUT","Austria","2015","2015",8559.728,,
"EVOPOP_T1","Population levels","AUT","Austria","2016","2016",8596.279,,
"EVOPOP_T1","Population levels","AUT","Austria","2017","2017",8630.906,,
"EVOPOP_T1","Population levels","AUT","Austria","2018","2018",8663.104,,
"EVOPOP_T1","Population levels","KOR","Korea","1993","1993",44194.63,,
"EVOPOP_T1","Population levels","KOR","Korea","1994","1994",44641.54,,
"EVOPOP_T1","Population levels","KOR","Korea","1995","1995",45092.99,,
"EVOPOP_T1","Population levels","KOR","Korea","1996","1996",45524.68,,
"EVOPOP_T1","Population levels","KOR","Korea","1997","1997",45953.58,,
"EVOPOP_T1","Population levels","KOR","Korea","1998","1998",46286.5,,
"EVOPOP_T1","Population levels","KOR","Korea","1999","1999",46616.68,,
"EVOPOP_T1","Population levels","KOR","Korea","2000","2000",47008.11,,
"EVOPOP_T1","Population levels","KOR","Korea","2001","2001",47357.36,,
"EVOPOP_T1","Population levels","KOR","Korea","2002","2002",47622.18,,
"EVOPOP_T1","Population levels","KOR","Korea","2003","2003",47859.31,,
"EVOPOP_T1","Population levels","KOR","Korea","2004","2004",48039.41,,
"EVOPOP_T1","Population levels","KOR","Korea","2005","2005",48138.08,,
"EVOPOP_T1","Population levels","KOR","Korea","2006","2006",48371.95,,
"EVOPOP_T1","Population levels","KOR","Korea","2007","2007",48597.65,,
"EVOPOP_T1","Population levels","KOR","Korea","2008","2008",48948.7,,
"EVOPOP_T1","Population levels","KOR","Korea","2009","2009",49182.04,,
"EVOPOP_T1","Population levels","KOR","Korea","2010","2010",49410.37,,
"EVOPOP_T1","Population levels","KOR","Korea","2011","2011",49779.44,,
"EVOPOP_T1","Population levels","KOR","Korea","2012","2012",50004.44,,
"EVOPOP_T1","Population levels","KOR","Korea","2013","2013",50219.67,,
"EVOPOP_T1","Population levels","KOR","Korea","2014","2014",50423.95,,
"EVOPOP_T1","Population levels","KOR","Korea","2015","2015",50617.05,,
"EVOPOP_T1","Population levels","KOR","Korea","2016","2016",50801.41,,
"EVOPOP_T1","Population levels","KOR","Korea","2017","2017",50976.52,,
"EVOPOP_T1","Population levels","KOR","Korea","2018","2018",51140.69,,
"EVOPOP_T1","Population levels","EST","Estonia","1993","1993",1494.127,,
"EVOPOP_T1","Population levels","EST","Estonia","1994","1994",1462.513,,
"EVOPOP_T1","Population levels","EST","Estonia","1995","1995",1436.633,,
"EVOPOP_T1","Population levels","EST","Estonia","1996","1996",1415.594,,
"EVOPOP_T1","Population levels","EST","Estonia","1997","1997",1399.535,,
"EVOPOP_T1","Population levels","EST","Estonia","1998","1998",1386.155,,
"EVOPOP_T1","Population levels","EST","Estonia","1999","1999",1375.654,,
"EVOPOP_T1","Population levels","EST","Estonia","2000","2000",1369.515,,
"EVOPOP_T1","Population levels","EST","Estonia","2001","2001",1364.1,,
"EVOPOP_T1","Population levels","EST","Estonia","2002","2002",1358.643,,
"EVOPOP_T1","Population levels","EST","Estonia","2003","2003",1353.557,,
"EVOPOP_T1","Population levels","EST","Estonia","2004","2004",1349.289,,
"EVOPOP_T1","Population levels","EST","Estonia","2005","2005",1346.097,,
"EVOPOP_T1","Population levels","EST","Estonia","2006","2006",1343.546,,
"EVOPOP_T1","Population levels","EST","Estonia","2007","2007",1341.672,,
"EVOPOP_T1","Population levels","EST","Estonia","2008","2008",1340.675,,
"EVOPOP_T1","Population levels","EST","Estonia","2009","2009",1340.271,,
"EVOPOP_T1","Population levels","EST","Estonia","2010","2010",1340.16,,
"EVOPOP_T1","Population levels","EST","Estonia","2012","2012",1334.371,,
"EVOPOP_T1","Population levels","EST","Estonia","2013","2013",1333.598,,
"EVOPOP_T1","Population levels","EST","Estonia","2014","2014",1332.975,,
"EVOPOP_T1","Population levels","EST","Estonia","2015","2015",1332.419,,
"EVOPOP_T1","Population levels","EST","Estonia","2016","2016",1331.869,,
"EVOPOP_T1","Population levels","EST","Estonia","2017","2017",1331.262,,
"EVOPOP_T1","Population levels","EST","Estonia","2018","2018",1330.583,,
"EVOPOP_T1","Population levels","IRL","Ireland","1993","1993",3576.26,,
"EVOPOP_T1","Population levels","IRL","Ireland","1994","1994",3590.385,,
"EVOPOP_T1","Population levels","IRL","Ireland","1995","1995",3608.841,,
"EVOPOP_T1","Population levels","IRL","Ireland","1996","1996",3637.51,,
"EVOPOP_T1","Population levels","IRL","Ireland","1997","1997",3674.17,,
"EVOPOP_T1","Population levels","IRL","Ireland","1998","1998",3712.696,,
"EVOPOP_T1","Population levels","IRL","Ireland","1999","1999",3754.785,,
"EVOPOP_T1","Population levels","IRL","Ireland","2000","2000",3805.174,,
"EVOPOP_T1","Population levels","IRL","Ireland","2001","2001",3866.242,,
"EVOPOP_T1","Population levels","IRL","Ireland","2002","2002",3931.946,,
"EVOPOP_T1","Population levels","IRL","Ireland","2003","2003",3996.521,,
"EVOPOP_T1","Population levels","IRL","Ireland","2004","2004",4070.261,,
"EVOPOP_T1","Population levels","IRL","Ireland","2005","2005",4159.914,,
"EVOPOP_T1","Population levels","IRL","Ireland","2006","2006",4260.341,,
"EVOPOP_T1","Population levels","IRL","Ireland","2007","2007",4356.93,,
"EVOPOP_T1","Population levels","IRL","Ireland","2008","2008",4425.682,,
"EVOPOP_T1","Population levels","IRL","Ireland","2009","2009",4458.942,,
"EVOPOP_T1","Population levels","IRL","Ireland","2010","2010",4474.356,,
"EVOPOP_T1","Population levels","IRL","Ireland","2012","2012",4441.421,,
"EVOPOP_T1","Population levels","IRL","Ireland","2013","2013",4487.589,,
"EVOPOP_T1","Population levels","IRL","Ireland","2014","2014",4532.656,,
"EVOPOP_T1","Population levels","IRL","Ireland","2015","2015",4576.491,,
"EVOPOP_T1","Population levels","IRL","Ireland","2016","2016",4618.956,,
"EVOPOP_T1","Population levels","IRL","Ireland","2017","2017",4659.969,,
"EVOPOP_T1","Population levels","IRL","Ireland","2018","2018",4699.498,,
"EVOPOP_T1","Population levels","CHE","Switzerland","1993","1993",6938.265,,
"EVOPOP_T1","Population levels","CHE","Switzerland","1994","1994",6993.795,,
"EVOPOP_T1","Population levels","CHE","Switzerland","1995","1995",7040.687,,
"EVOPOP_T1","Population levels","CHE","Switzerland","1996","1996",7071.851,,
"EVOPOP_T1","Population levels","CHE","Switzerland","1997","1997",7088.906,,
"EVOPOP_T1","Population levels","CHE","Switzerland","1998","1998",7110.002,,
"EVOPOP_T1","Population levels","CHE","Switzerland","1999","1999",7143.991,,
"EVOPOP_T1","Population levels","CHE","Switzerland","2000","2000",7184.25,,
"EVOPOP_T1","Population levels","CHE","Switzerland","2001","2001",7226.647,,
"EVOPOP_T1","Population levels","CHE","Switzerland","2002","2002",7284.754,,
"EVOPOP_T1","Population levels","CHE","Switzerland","2003","2003",7339.002,,
"EVOPOP_T1","Population levels","CHE","Switzerland","2004","2004",7389.626,,
"EVOPOP_T1","Population levels","CHE","Switzerland","2005","2005",7437.116,,
"EVOPOP_T1","Population levels","CHE","Switzerland","2006","2006",7483.935,,
"EVOPOP_T1","Population levels","CHE","Switzerland","2007","2007",7551.117,,
"EVOPOP_T1","Population levels","CHE","Switzerland","2008","2008",7647.676,,
"EVOPOP_T1","Population levels","CHE","Switzerland","2009","2009",7744,,
"EVOPOP_T1","Population levels","CHE","Switzerland","2010","2010",7822.298,,
"EVOPOP_T1","Population levels","CHE","Switzerland","2012","2012",7955.211,,
"EVOPOP_T1","Population levels","CHE","Switzerland","2013","2013",8017.946,,
"EVOPOP_T1","Population levels","CHE","Switzerland","2014","2014",8074.925,,
"EVOPOP_T1","Population levels","CHE","Switzerland","2015","2015",8128.709,,
"EVOPOP_T1","Population levels","CHE","Switzerland","2016","2016",8181.265,,
"EVOPOP_T1","Population levels","CHE","Switzerland","2017","2017",8233.737,,
"EVOPOP_T1","Population levels","CHE","Switzerland","2018","2018",8284.889,,
"EVOPOP_T1","Population levels","AUS","Australia","1993","1993",17667.09,,
"EVOPOP_T1","Population levels","AUS","Australia","1994","1994",17854.74,,
"EVOPOP_T1","Population levels","AUS","Australia","1995","1995",18071.76,,
"EVOPOP_T1","Population levels","AUS","Australia","1996","1996",18310.71,,
"EVOPOP_T1","Population levels","AUS","Australia","1997","1997",18517.56,,
"EVOPOP_T1","Population levels","AUS","Australia","1998","1998",18711.27,,
"EVOPOP_T1","Population levels","AUS","Australia","1999","1999",18925.86,,
"EVOPOP_T1","Population levels","AUS","Australia","2000","2000",19153.38,,
"EVOPOP_T1","Population levels","AUS","Australia","2001","2001",19413.24,,
"EVOPOP_T1","Population levels","AUS","Australia","2002","2002",19651.44,,
"EVOPOP_T1","Population levels","AUS","Australia","2003","2003",19895.44,,
"EVOPOP_T1","Population levels","AUS","Australia","2004","2004",20127.36,,
"EVOPOP_T1","Population levels","AUS","Australia","2005","2005",20394.79,,
"EVOPOP_T1","Population levels","AUS","Australia","2006","2006",20697.88,,
"EVOPOP_T1","Population levels","AUS","Australia","2007","2007",21015.04,,
"EVOPOP_T1","Population levels","AUS","Australia","2008","2008",21499,,
"EVOPOP_T1","Population levels","AUS","Australia","2009","2009",21955,,
"EVOPOP_T1","Population levels","AUS","Australia","2010","2010",22297.52,,
"EVOPOP_T1","Population levels","AUS","Australia","2011","2011",22618.29,,
"EVOPOP_T1","Population levels","AUS","Australia","2012","2012",22647.46,,
"EVOPOP_T1","Population levels","AUS","Australia","2013","2013",22976.37,,
"EVOPOP_T1","Population levels","AUS","Australia","2014","2014",23305.9,,
"EVOPOP_T1","Population levels","AUS","Australia","2015","2015",23636.11,,
"EVOPOP_T1","Population levels","AUS","Australia","2016","2016",23966.98,,
"EVOPOP_T1","Population levels","AUS","Australia","2017","2017",24297.81,,
"EVOPOP_T1","Population levels","AUS","Australia","2018","2018",24628.43,,
"EVOPOP_T1","Population levels","MEX","Mexico","1993","1993",88752.02,,
"EVOPOP_T1","Population levels","MEX","Mexico","1994","1994",90265.77,,
"EVOPOP_T1","Population levels","MEX","Mexico","1995","1995",91724.53,,
"EVOPOP_T1","Population levels","MEX","Mexico","1996","1996",93130.09,,
"EVOPOP_T1","Population levels","MEX","Mexico","1997","1997",94478.05,,
"EVOPOP_T1","Population levels","MEX","Mexico","1998","1998",95790.13,,
"EVOPOP_T1","Population levels","MEX","Mexico","1999","1999",97114.83,,
"EVOPOP_T1","Population levels","MEX","Mexico","2000","2000",98438.55,,
"EVOPOP_T1","Population levels","MEX","Mexico","2001","2001",99715.52,,
"EVOPOP_T1","Population levels","MEX","Mexico","2002","2002",100909.4,,
"EVOPOP_T1","Population levels","MEX","Mexico","2003","2003",101999.6,,
"EVOPOP_T1","Population levels","MEX","Mexico","2004","2004",103001.9,,
"EVOPOP_T1","Population levels","MEX","Mexico","2005","2005",103946.9,,
"EVOPOP_T1","Population levels","MEX","Mexico","2006","2006",104874.3,,
"EVOPOP_T1","Population levels","MEX","Mexico","2007","2007",105790.7,,
"EVOPOP_T1","Population levels","MEX","Mexico","2008","2008",106682.5,,
"EVOPOP_T1","Population levels","MEX","Mexico","2009","2009",107550.7,,
"EVOPOP_T1","Population levels","MEX","Mexico","2010","2010",108396.2,,
"EVOPOP_T1","Population levels","MEX","Mexico","2011","2011",109219.9,,
"EVOPOP_T1","Population levels","MEX","Mexico","2012","2012",110022.6,,
"EVOPOP_T1","Population levels","MEX","Mexico","2013","2013",110804.6,,
"EVOPOP_T1","Population levels","MEX","Mexico","2014","2014",111566.8,,
"EVOPOP_T1","Population levels","MEX","Mexico","2015","2015",112310.3,,
"EVOPOP_T1","Population levels","MEX","Mexico","2016","2016",113036.8,,
"EVOPOP_T1","Population levels","MEX","Mexico","2017","2017",113746.4,,
"EVOPOP_T1","Population levels","MEX","Mexico","2018","2018",114437.6,,
"EVOPOP_T1","Population levels","DNK","Denmark","1993","1993",5188.628,,
"EVOPOP_T1","Population levels","DNK","Denmark","1994","1994",5206.18,,
"EVOPOP_T1","Population levels","DNK","Denmark","1995","1995",5233.372,,
"EVOPOP_T1","Population levels","DNK","Denmark","1996","1996",5263.073,,
"EVOPOP_T1","Population levels","DNK","Denmark","1997","1997",5284.99,,
"EVOPOP_T1","Population levels","DNK","Denmark","1998","1998",5304.218,,
"EVOPOP_T1","Population levels","DNK","Denmark","1999","1999",5321.798,,
"EVOPOP_T1","Population levels","DNK","Denmark","2000","2000",5339.615,,
"EVOPOP_T1","Population levels","DNK","Denmark","2001","2001",5358.782,,
"EVOPOP_T1","Population levels","DNK","Denmark","2002","2002",5375.93,,
"EVOPOP_T1","Population levels","DNK","Denmark","2003","2003",5390.573,,
"EVOPOP_T1","Population levels","DNK","Denmark","2004","2004",5404.522,,
"EVOPOP_T1","Population levels","DNK","Denmark","2005","2005",5419.432,,
"EVOPOP_T1","Population levels","DNK","Denmark","2006","2006",5437.271,,
"EVOPOP_T1","Population levels","DNK","Denmark","2007","2007",5461.437,,
"EVOPOP_T1","Population levels","DNK","Denmark","2008","2008",5493.621,,
"EVOPOP_T1","Population levels","DNK","Denmark","2009","2009",5523.094,,
"EVOPOP_T1","Population levels","DNK","Denmark","2010","2010",5547.683,,
"EVOPOP_T1","Population levels","DNK","Denmark","2012","2012",5505.399,,
"EVOPOP_T1","Population levels","DNK","Denmark","2013","2013",5515.111,,
"EVOPOP_T1","Population levels","DNK","Denmark","2014","2014",5524.529,,
"EVOPOP_T1","Population levels","DNK","Denmark","2015","2015",5533.809,,
"EVOPOP_T1","Population levels","DNK","Denmark","2016","2016",5543.121,,
"EVOPOP_T1","Population levels","DNK","Denmark","2017","2017",5552.563,,
"EVOPOP_T1","Population levels","DNK","Denmark","2018","2018",5562.249,,
"EVOPOP_T1","Population levels","NZL","New Zealand","1993","1993",3572.2,,
"EVOPOP_T1","Population levels","NZL","New Zealand","1994","1994",3620.1,,
"EVOPOP_T1","Population levels","NZL","New Zealand","1995","1995",3673.4,,
"EVOPOP_T1","Population levels","NZL","New Zealand","1996","1996",3732,,
"EVOPOP_T1","Population levels","NZL","New Zealand","1997","1997",3781.4,,
"EVOPOP_T1","Population levels","NZL","New Zealand","1998","1998",3815,,
"EVOPOP_T1","Population levels","NZL","New Zealand","1999","1999",3835.1,,
"EVOPOP_T1","Population levels","NZL","New Zealand","2000","2000",3857.8,,
"EVOPOP_T1","Population levels","NZL","New Zealand","2001","2001",3880.5,,
"EVOPOP_T1","Population levels","NZL","New Zealand","2002","2002",3948.5,,
"EVOPOP_T1","Population levels","NZL","New Zealand","2003","2003",4027.2,,
"EVOPOP_T1","Population levels","NZL","New Zealand","2004","2004",4087.5,,
"EVOPOP_T1","Population levels","NZL","New Zealand","2005","2005",4133.9,,
"EVOPOP_T1","Population levels","NZL","New Zealand","2006","2006",4184.6,,
"EVOPOP_T1","Population levels","NZL","New Zealand","2007","2007",4228.3,,
"EVOPOP_T1","Population levels","NZL","New Zealand","2008","2008",4269,,
"EVOPOP_T1","Population levels","NZL","New Zealand","2009","2009",4316,,
"EVOPOP_T1","Population levels","NZL","New Zealand","2010","2010",4368,,
"EVOPOP_T1","Population levels","NZL","New Zealand","2011","2011",4405,,
"EVOPOP_T1","Population levels","NZL","New Zealand","2012","2012",4324.8,,
"EVOPOP_T1","Population levels","NZL","New Zealand","2013","2013",4356.8,,
"EVOPOP_T1","Population levels","NZL","New Zealand","2014","2014",4388.1,,
"EVOPOP_T1","Population levels","NZL","New Zealand","2015","2015",4418.6,,
"EVOPOP_T1","Population levels","NZL","New Zealand","2016","2016",4448.5,,
"EVOPOP_T1","Population levels","NZL","New Zealand","2017","2017",4478.1,,
"EVOPOP_T1","Population levels","NZL","New Zealand","2018","2018",4507.4,,
"EVOPOP_T1","Population levels","FRA","France","1993","1993",57467.09,,
"EVOPOP_T1","Population levels","FRA","France","1994","1994",57658.77,,
"EVOPOP_T1","Population levels","FRA","France","1995","1995",57844.25,,
"EVOPOP_T1","Population levels","FRA","France","1996","1996",58025.99,,
"EVOPOP_T1","Population levels","FRA","France","1997","1997",58207.48,,
"EVOPOP_T1","Population levels","FRA","France","1998","1998",58397.79,,
"EVOPOP_T1","Population levels","FRA","France","1999","1999",58677.41,,
"EVOPOP_T1","Population levels","FRA","France","2000","2000",59062.39,,
"EVOPOP_T1","Population levels","FRA","France","2001","2001",59476.23,,
"EVOPOP_T1","Population levels","FRA","France","2002","2002",59893.87,,
"EVOPOP_T1","Population levels","FRA","France","2003","2003",60303.63,,
"EVOPOP_T1","Population levels","FRA","France","2004","2004",60734.34,,
"EVOPOP_T1","Population levels","FRA","France","2005","2005",61181.5,,
"EVOPOP_T1","Population levels","FRA","France","2006","2006",61597.48,,
"EVOPOP_T1","Population levels","FRA","France","2007","2007",61965.05,,
"EVOPOP_T1","Population levels","FRA","France","2008","2008",62300.29,,
"EVOPOP_T1","Population levels","FRA","France","2009","2009",62628.36,,
"EVOPOP_T1","Population levels","FRA","France","2010","2010",62959.39,,
"EVOPOP_T1","Population levels","FRA","France","2011","2011",63293.91,,
"EVOPOP_T1","Population levels","FRA","France","2012","2012",63724.44,,
"EVOPOP_T1","Population levels","FRA","France","2013","2013",64046.32,,
"EVOPOP_T1","Population levels","FRA","France","2014","2014",64359.6,,
"EVOPOP_T1","Population levels","FRA","France","2015","2015",64664.89,,
"EVOPOP_T1","Population levels","FRA","France","2016","2016",64963.19,,
"EVOPOP_T1","Population levels","FRA","France","2017","2017",65255.32,,
"EVOPOP_T1","Population levels","FRA","France","2018","2018",65541.66,,
"EVOPOP_T1","Population levels","ESP","Spain","1993","1993",39189.4,,
"EVOPOP_T1","Population levels","ESP","Spain","1994","1994",39294.96,,
"EVOPOP_T1","Population levels","ESP","Spain","1995","1995",39387.02,,
"EVOPOP_T1","Population levels","ESP","Spain","1996","1996",39478.18,,
"EVOPOP_T1","Population levels","ESP","Spain","1997","1997",39582.41,,
"EVOPOP_T1","Population levels","ESP","Spain","1998","1998",39721.11,,
"EVOPOP_T1","Population levels","ESP","Spain","1999","1999",39926.27,,
"EVOPOP_T1","Population levels","ESP","Spain","2000","2000",40263.21,,
"EVOPOP_T1","Population levels","ESP","Spain","2001","2001",40720.48,,
"EVOPOP_T1","Population levels","ESP","Spain","2002","2002",41313.97,,
"EVOPOP_T1","Population levels","ESP","Spain","2003","2003",42004.52,,
"EVOPOP_T1","Population levels","ESP","Spain","2004","2004",42691.69,,
"EVOPOP_T1","Population levels","ESP","Spain","2005","2005",43398.14,,
"EVOPOP_T1","Population levels","ESP","Spain","2006","2006",44116.44,,
"EVOPOP_T1","Population levels","ESP","Spain","2007","2007",44878.95,,
"EVOPOP_T1","Population levels","ESP","Spain","2008","2008",45555.71,,
"EVOPOP_T1","Population levels","ESP","Spain","2009","2009",45908.59,,
"EVOPOP_T1","Population levels","ESP","Spain","2010","2010",46070.97,,
"EVOPOP_T1","Population levels","ESP","Spain","2012","2012",44975.36,,
"EVOPOP_T1","Population levels","ESP","Spain","2013","2013",45101.2,,
"EVOPOP_T1","Population levels","ESP","Spain","2014","2014",45212.25,,
"EVOPOP_T1","Population levels","ESP","Spain","2015","2015",45308.47,,
"EVOPOP_T1","Population levels","ESP","Spain","2016","2016",45389.3,,
"EVOPOP_T1","Population levels","ESP","Spain","2017","2017",45454.84,,
"EVOPOP_T1","Population levels","ESP","Spain","2018","2018",45505.81,,
"EVOPOP_T1","Population levels","IDN","Indonesia","1993","1993",193525.6,,
"EVOPOP_T1","Population levels","IDN","Indonesia","1994","1994",196488.5,,
"EVOPOP_T1","Population levels","IDN","Indonesia","1995","1995",199400.3,,
"EVOPOP_T1","Population levels","IDN","Indonesia","1996","1996",202257,,
"EVOPOP_T1","Population levels","IDN","Indonesia","1997","1997",205063.5,,
"EVOPOP_T1","Population levels","IDN","Indonesia","1998","1998",207839.3,,
"EVOPOP_T1","Population levels","IDN","Indonesia","1999","1999",210610.8,,
"EVOPOP_T1","Population levels","IDN","Indonesia","2000","2000",213395.4,,
"EVOPOP_T1","Population levels","IDN","Indonesia","2001","2001",216203.5,,
"EVOPOP_T1","Population levels","IDN","Indonesia","2002","2002",219026.4,,
"EVOPOP_T1","Population levels","IDN","Indonesia","2003","2003",221839.2,,
"EVOPOP_T1","Population levels","IDN","Indonesia","2004","2004",224606.5,,
"EVOPOP_T1","Population levels","IDN","Indonesia","2005","2005",227303.2,,
"EVOPOP_T1","Population levels","IDN","Indonesia","2006","2006",229918.5,,
"EVOPOP_T1","Population levels","IDN","Indonesia","2007","2007",232461.8,,
"EVOPOP_T1","Population levels","IDN","Indonesia","2008","2008",234951.2,,
"EVOPOP_T1","Population levels","IDN","Indonesia","2009","2009",237414.5,,
"EVOPOP_T1","Population levels","IDN","Indonesia","2010","2010",239870.9,,
"EVOPOP_T1","Population levels","IDN","Indonesia","2011","2011",242205.8,,
"EVOPOP_T1","Population levels","IDN","Indonesia","2012","2012",244652.8,,
"EVOPOP_T1","Population levels","IDN","Indonesia","2013","2013",247145.3,,
"EVOPOP_T1","Population levels","IDN","Indonesia","2014","2014",249570.2,,
"EVOPOP_T1","Population levels","IDN","Indonesia","2015","2015",251880.4,,
"EVOPOP_T1","Population levels","IDN","Indonesia","2016","2016",254177.7,,
"EVOPOP_T1","Population levels","IDN","Indonesia","2017","2017",256366.9,,
"EVOPOP_T1","Population levels","IDN","Indonesia","2018","2018",258466.7,,
"EVOPOP_T1","Population levels","CHN","China (People's Republic of)","1993","1993",1188688,,
"EVOPOP_T1","Population levels","CHN","China (People's Republic of)","1994","1994",1201523,,
"EVOPOP_T1","Population levels","CHN","China (People's Republic of)","1995","1995",1213987,,
"EVOPOP_T1","Population levels","CHN","China (People's Republic of)","1996","1996",1226134,,
"EVOPOP_T1","Population levels","CHN","China (People's Republic of)","1997","1997",1237850,,
"EVOPOP_T1","Population levels","CHN","China (People's Republic of)","1998","1998",1249020,,
"EVOPOP_T1","Population levels","CHN","China (People's Republic of)","1999","1999",1259477,,
"EVOPOP_T1","Population levels","CHN","China (People's Republic of)","2000","2000",1269117,,
"EVOPOP_T1","Population levels","CHN","China (People's Republic of)","2001","2001",1277904,,
"EVOPOP_T1","Population levels","CHN","China (People's Republic of)","2002","2002",1285934,,
"EVOPOP_T1","Population levels","CHN","China (People's Republic of)","2003","2003",1293397,,
"EVOPOP_T1","Population levels","CHN","China (People's Republic of)","2004","2004",1300552,,
"EVOPOP_T1","Population levels","CHN","China (People's Republic of)","2005","2005",1307594,,
"EVOPOP_T1","Population levels","CHN","China (People's Republic of)","2006","2006",1314581,,
"EVOPOP_T1","Population levels","CHN","China (People's Republic of)","2007","2007",1321482,,
"EVOPOP_T1","Population levels","CHN","China (People's Republic of)","2008","2008",1328276,,
"EVOPOP_T1","Population levels","CHN","China (People's Republic of)","2009","2009",1334909,,
"EVOPOP_T1","Population levels","CHN","China (People's Republic of)","2010","2010",1341335,,
"EVOPOP_T1","Population levels","CHN","China (People's Republic of)","2011","2011",1348010,,
"EVOPOP_T1","Population levels","CHN","China (People's Republic of)","2012","2012",1353914,,
"EVOPOP_T1","Population levels","CHN","China (People's Republic of)","2013","2013",1359303,,
"EVOPOP_T1","Population levels","CHN","China (People's Republic of)","2014","2014",1364551,,
"EVOPOP_T1","Population levels","CHN","China (People's Republic of)","2015","2015",1369743,,
"EVOPOP_T1","Population levels","CHN","China (People's Republic of)","2016","2016",1373793,,
"EVOPOP_T1","Population levels","CHN","China (People's Republic of)","2017","2017",1377580,,
"EVOPOP_T1","Population levels","CHN","China (People's Republic of)","2018","2018",1381171,,
"EVOPOP_T1","Population levels","RUS","Russia","1993","1993",148945.6,,
"EVOPOP_T1","Population levels","RUS","Russia","1994","1994",148866.3,,
"EVOPOP_T1","Population levels","RUS","Russia","1995","1995",148698.6,,
"EVOPOP_T1","Population levels","RUS","Russia","1996","1996",148457,,
"EVOPOP_T1","Population levels","RUS","Russia","1997","1997",148139.3,,
"EVOPOP_T1","Population levels","RUS","Russia","1998","1998",147749.2,,
"EVOPOP_T1","Population levels","RUS","Russia","1999","1999",147286.7,,
"EVOPOP_T1","Population levels","RUS","Russia","2000","2000",146757.5,,
"EVOPOP_T1","Population levels","RUS","Russia","2001","2001",146161.8,,
"EVOPOP_T1","Population levels","RUS","Russia","2002","2002",145519.6,,
"EVOPOP_T1","Population levels","RUS","Russia","2003","2003",144880.5,,
"EVOPOP_T1","Population levels","RUS","Russia","2004","2004",144307,,
"EVOPOP_T1","Population levels","RUS","Russia","2005","2005",143843.2,,
"EVOPOP_T1","Population levels","RUS","Russia","2006","2006",143510.1,,
"EVOPOP_T1","Population levels","RUS","Russia","2007","2007",143294.5,,
"EVOPOP_T1","Population levels","RUS","Russia","2008","2008",143163.1,,
"EVOPOP_T1","Population levels","RUS","Russia","2009","2009",143064.1,,
"EVOPOP_T1","Population levels","RUS","Russia","2010","2010",142958.2,,
"EVOPOP_T1","Population levels","RUS","Russia","2011","2011",142822.5,,
"EVOPOP_T1","Population levels","RUS","Russia","2012","2012",142668.2,,
"EVOPOP_T1","Population levels","RUS","Russia","2013","2013",142512.8,,
"EVOPOP_T1","Population levels","RUS","Russia","2014","2014",142371.6,,
"EVOPOP_T1","Population levels","RUS","Russia","2015","2015",142229.1,,
"EVOPOP_T1","Population levels","RUS","Russia","2016","2016",141976,,
"EVOPOP_T1","Population levels","RUS","Russia","2017","2017",141760.9,,
"EVOPOP_T1","Population levels","RUS","Russia","2018","2018",141554.5,,
"EVOPOP_T1","Population levels","GRC","Greece","1993","1993",10465.53,,
"EVOPOP_T1","Population levels","GRC","Greece","1994","1994",10553.04,,
"EVOPOP_T1","Population levels","GRC","Greece","1995","1995",10634.38,,
"EVOPOP_T1","Population levels","GRC","Greece","1996","1996",10709.17,,
"EVOPOP_T1","Population levels","GRC","Greece","1997","1997",10776.5,,
"EVOPOP_T1","Population levels","GRC","Greece","1998","1998",10834.88,,
"EVOPOP_T1","Population levels","GRC","Greece","1999","1999",10882.58,,
"EVOPOP_T1","Population levels","GRC","Greece","2000","2000",10917.48,,
"EVOPOP_T1","Population levels","GRC","Greece","2001","2001",10949.96,,
"EVOPOP_T1","Population levels","GRC","Greece","2002","2002",10987.54,,
"EVOPOP_T1","Population levels","GRC","Greece","2003","2003",11023.51,,
"EVOPOP_T1","Population levels","GRC","Greece","2004","2004",11061.7,,
"EVOPOP_T1","Population levels","GRC","Greece","2005","2005",11103.96,,
"EVOPOP_T1","Population levels","GRC","Greece","2006","2006",11148.46,,
"EVOPOP_T1","Population levels","GRC","Greece","2007","2007",11192.76,,
"EVOPOP_T1","Population levels","GRC","Greece","2008","2008",11237.09,,
"EVOPOP_T1","Population levels","GRC","Greece","2009","2009",11282.76,,
"EVOPOP_T1","Population levels","GRC","Greece","2010","2010",11307.5,,
"EVOPOP_T1","Population levels","GRC","Greece","2012","2012",11338.13,,
"EVOPOP_T1","Population levels","GRC","Greece","2013","2013",11361.18,,
"EVOPOP_T1","Population levels","GRC","Greece","2014","2014",11380.9,,
"EVOPOP_T1","Population levels","GRC","Greece","2015","2015",11397.29,,
"EVOPOP_T1","Population levels","GRC","Greece","2016","2016",11409.93,,
"EVOPOP_T1","Population levels","GRC","Greece","2017","2017",11418.83,,
"EVOPOP_T1","Population levels","GRC","Greece","2018","2018",11424.3,,
"EVOPOP_T1","Population levels","IND","India","1993","1993",928226.1,,
"EVOPOP_T1","Population levels","IND","India","1994","1994",946373.3,,
"EVOPOP_T1","Population levels","IND","India","1995","1995",964486.1,,
"EVOPOP_T1","Population levels","IND","India","1996","1996",982553.3,,
"EVOPOP_T1","Population levels","IND","India","1997","1997",1000558,,
"EVOPOP_T1","Population levels","IND","India","1998","1998",1018471,,
"EVOPOP_T1","Population levels","IND","India","1999","1999",1036259,,
"EVOPOP_T1","Population levels","IND","India","2000","2000",1053898,,
"EVOPOP_T1","Population levels","IND","India","2001","2001",1071374,,
"EVOPOP_T1","Population levels","IND","India","2002","2002",1088694,,
"EVOPOP_T1","Population levels","IND","India","2003","2003",1105886,,
"EVOPOP_T1","Population levels","IND","India","2004","2004",1122991,,
"EVOPOP_T1","Population levels","IND","India","2005","2005",1140043,,
"EVOPOP_T1","Population levels","IND","India","2006","2006",1157039,,
"EVOPOP_T1","Population levels","IND","India","2007","2007",1173972,,
"EVOPOP_T1","Population levels","IND","India","2008","2008",1190864,,
"EVOPOP_T1","Population levels","IND","India","2009","2009",1207740,,
"EVOPOP_T1","Population levels","IND","India","2010","2010",1224614,,
"EVOPOP_T1","Population levels","IND","India","2011","2011",1241948,,
"EVOPOP_T1","Population levels","IND","India","2012","2012",1258797,,
"EVOPOP_T1","Population levels","IND","India","2013","2013",1275339,,
"EVOPOP_T1","Population levels","IND","India","2014","2014",1291791,,
"EVOPOP_T1","Population levels","IND","India","2015","2015",1308221,,
"EVOPOP_T1","Population levels","IND","India","2016","2016",1324163,,
"EVOPOP_T1","Population levels","IND","India","2017","2017",1340086,,
"EVOPOP_T1","Population levels","IND","India","2018","2018",1355924,,
"EVOPOP_T1","Population levels","JPN","Japan","1993","1993",124764,,
"EVOPOP_T1","Population levels","JPN","Japan","1994","1994",125034,,
"EVOPOP_T1","Population levels","JPN","Japan","1995","1995",125570,,
"EVOPOP_T1","Population levels","JPN","Japan","1996","1996",125864,,
"EVOPOP_T1","Population levels","JPN","Japan","1997","1997",126166,,
"EVOPOP_T1","Population levels","JPN","Japan","1998","1998",126486,,
"EVOPOP_T1","Population levels","JPN","Japan","1999","1999",126686,,
"EVOPOP_T1","Population levels","JPN","Japan","2000","2000",126926,,
"EVOPOP_T1","Population levels","JPN","Japan","2001","2001",127291,,
"EVOPOP_T1","Population levels","JPN","Japan","2002","2002",127435,,
"EVOPOP_T1","Population levels","JPN","Japan","2003","2003",127619,,
"EVOPOP_T1","Population levels","JPN","Japan","2004","2004",127687,,
"EVOPOP_T1","Population levels","JPN","Japan","2005","2005",127768,,
"EVOPOP_T1","Population levels","JPN","Japan","2006","2006",127770,,
"EVOPOP_T1","Population levels","JPN","Japan","2007","2007",127771,,
"EVOPOP_T1","Population levels","JPN","Japan","2008","2008",127692,,
"EVOPOP_T1","Population levels","JPN","Japan","2009","2009",127510,,
"EVOPOP_T1","Population levels","JPN","Japan","2010","2010",128057.4,,
"EVOPOP_T1","Population levels","JPN","Japan","2011","2011",127799,,
"EVOPOP_T1","Population levels","JPN","Japan","2012","2012",127497.5,,
"EVOPOP_T1","Population levels","JPN","Japan","2013","2013",127247.3,,
"EVOPOP_T1","Population levels","JPN","Japan","2014","2014",126948.8,,
"EVOPOP_T1","Population levels","JPN","Japan","2015","2015",126597.3,,
"EVOPOP_T1","Population levels","JPN","Japan","2016","2016",126193.4,,
"EVOPOP_T1","Population levels","JPN","Japan","2017","2017",125738.7,,
"EVOPOP_T1","Population levels","JPN","Japan","2018","2018",125236,,
"EVOPOP_T1","Population levels","ZAF","South Africa","1993","1993",39609.48,,
"EVOPOP_T1","Population levels","ZAF","South Africa","1994","1994",40542.04,,
"EVOPOP_T1","Population levels","ZAF","South Africa","1995","1995",41402.4,,
"EVOPOP_T1","Population levels","ZAF","South Africa","1996","1996",42175.74,,
"EVOPOP_T1","Population levels","ZAF","South Africa","1997","1997",42873.36,,
"EVOPOP_T1","Population levels","ZAF","South Africa","1998","1998",43516.22,,
"EVOPOP_T1","Population levels","ZAF","South Africa","1999","1999",44137.35,,
"EVOPOP_T1","Population levels","ZAF","South Africa","2000","2000",44760.38,,
"EVOPOP_T1","Population levels","ZAF","South Africa","2001","2001",45389.58,,
"EVOPOP_T1","Population levels","ZAF","South Africa","2002","2002",46015.41,,
"EVOPOP_T1","Population levels","ZAF","South Africa","2003","2003",46631.36,,
"EVOPOP_T1","Population levels","ZAF","South Africa","2004","2004",47226.67,,
"EVOPOP_T1","Population levels","ZAF","South Africa","2005","2005",47792.79,,
"EVOPOP_T1","Population levels","ZAF","South Africa","2006","2006",48330.91,,
"EVOPOP_T1","Population levels","ZAF","South Africa","2007","2007",48842.46,,
"EVOPOP_T1","Population levels","ZAF","South Africa","2008","2008",49319.36,,
"EVOPOP_T1","Population levels","ZAF","South Africa","2009","2009",49751.5,,
"EVOPOP_T1","Population levels","ZAF","South Africa","2010","2010",50132.82,,
"EVOPOP_T1","Population levels","ZAF","South Africa","2011","2011",50384.55,,
"EVOPOP_T1","Population levels","ZAF","South Africa","2012","2012",50655.4,,
"EVOPOP_T1","Population levels","ZAF","South Africa","2013","2013",50931.82,,
"EVOPOP_T1","Population levels","ZAF","South Africa","2014","2014",51193.15,,
"EVOPOP_T1","Population levels","ZAF","South Africa","2015","2015",51430.71,,
"EVOPOP_T1","Population levels","ZAF","South Africa","2016","2016",51697.41,,
"EVOPOP_T1","Population levels","ZAF","South Africa","2017","2017",51935.52,,
"EVOPOP_T1","Population levels","ZAF","South Africa","2018","2018",52152.68,,
"EVOPOP_T1","Population levels","GBR","United Kingdom","1993","1993",57718.61,,
"EVOPOP_T1","Population levels","GBR","United Kingdom","1994","1994",57865.74,,
"EVOPOP_T1","Population levels","GBR","United Kingdom","1995","1995",58019.03,,
"EVOPOP_T1","Population levels","GBR","United Kingdom","1996","1996",58166.95,,
"EVOPOP_T1","Population levels","GBR","United Kingdom","1997","1997",58316.95,,
"EVOPOP_T1","Population levels","GBR","United Kingdom","1998","1998",58487.14,,
"EVOPOP_T1","Population levels","GBR","United Kingdom","1999","1999",58682.46,,
"EVOPOP_T1","Population levels","GBR","United Kingdom","2000","2000",58892.51,,
"EVOPOP_T1","Population levels","GBR","United Kingdom","2001","2001",59107.96,,
"EVOPOP_T1","Population levels","GBR","United Kingdom","2002","2002",59325.81,,
"EVOPOP_T1","Population levels","GBR","United Kingdom","2003","2003",59566.26,,
"EVOPOP_T1","Population levels","GBR","United Kingdom","2004","2004",59031,,
"EVOPOP_T1","Population levels","GBR","United Kingdom","2005","2005",59408,,
"EVOPOP_T1","Population levels","GBR","United Kingdom","2006","2006",59751,,
"EVOPOP_T1","Population levels","GBR","United Kingdom","2007","2007",60137,,
"EVOPOP_T1","Population levels","GBR","United Kingdom","2008","2008",60540,,
"EVOPOP_T1","Population levels","GBR","United Kingdom","2009","2009",60927,,
"EVOPOP_T1","Population levels","GBR","United Kingdom","2010","2010",61344,,
"EVOPOP_T1","Population levels","GBR","United Kingdom","2011","2011",61761,,
"EVOPOP_T1","Population levels","GBR","United Kingdom","2012","2012",63209.45,,
"EVOPOP_T1","Population levels","GBR","United Kingdom","2013","2013",63649.62,,
"EVOPOP_T1","Population levels","GBR","United Kingdom","2014","2014",64090.61,,
"EVOPOP_T1","Population levels","GBR","United Kingdom","2015","2015",64531.75,,
"EVOPOP_T1","Population levels","GBR","United Kingdom","2016","2016",64975.41,,
"EVOPOP_T1","Population levels","GBR","United Kingdom","2017","2017",65421.08,,
"EVOPOP_T1","Population levels","GBR","United Kingdom","2018","2018",65867.23,,
"EVOPOP_T1","Population levels","ISR","Israel","1993","1993",5261.4,,
"EVOPOP_T1","Population levels","ISR","Israel","1994","1994",5399.3,,
"EVOPOP_T1","Population levels","ISR","Israel","1995","1995",5544.9,,
"EVOPOP_T1","Population levels","ISR","Israel","1996","1996",5685.1,,
"EVOPOP_T1","Population levels","ISR","Israel","1997","1997",5828.9,,
"EVOPOP_T1","Population levels","ISR","Israel","1998","1998",5970.7,,
"EVOPOP_T1","Population levels","ISR","Israel","1999","1999",6125.3,,
"EVOPOP_T1","Population levels","ISR","Israel","2000","2000",6289.2,,
"EVOPOP_T1","Population levels","ISR","Israel","2001","2001",6439,,
"EVOPOP_T1","Population levels","ISR","Israel","2002","2002",6570,,
"EVOPOP_T1","Population levels","ISR","Israel","2003","2003",6689.7,,
"EVOPOP_T1","Population levels","ISR","Israel","2004","2004",6809,,
"EVOPOP_T1","Population levels","ISR","Israel","2005","2005",6930.1,,
"EVOPOP_T1","Population levels","ISR","Israel","2006","2006",7053.7,,
"EVOPOP_T1","Population levels","ISR","Israel","2007","2007",7180.1,,
"EVOPOP_T1","Population levels","ISR","Israel","2008","2008",7308.8,,
"EVOPOP_T1","Population levels","ISR","Israel","2009","2009",7485.6,,
"EVOPOP_T1","Population levels","ISR","Israel","2010","2010",7623.6,,
"EVOPOP_T1","Population levels","ISR","Israel","2012","2012",7886.45,,
"EVOPOP_T1","Population levels","ISR","Israel","2013","2013",8021.254,,
"EVOPOP_T1","Population levels","ISR","Israel","2014","2014",8158.362,,
"EVOPOP_T1","Population levels","ISR","Israel","2015","2015",8297.814,,
"EVOPOP_T1","Population levels","ISR","Israel","2016","2016",8437.789,,
"EVOPOP_T1","Population levels","ISR","Israel","2017","2017",8580.124,,
"EVOPOP_T1","Population levels","ISR","Israel","2018","2018",8724.861,,
"EVOPOP_T1","Population levels","BEL","Belgium","1993","1993",10084.47,,
"EVOPOP_T1","Population levels","BEL","Belgium","1994","1994",10115.6,,
"EVOPOP_T1","Population levels","BEL","Belgium","1995","1995",10136.81,,
"EVOPOP_T1","Population levels","BEL","Belgium","1996","1996",10156.64,,
"EVOPOP_T1","Population levels","BEL","Belgium","1997","1997",10181.25,,
"EVOPOP_T1","Population levels","BEL","Belgium","1998","1998",10203.01,,
"EVOPOP_T1","Population levels","BEL","Belgium","1999","1999",10226.42,,
"EVOPOP_T1","Population levels","BEL","Belgium","2000","2000",10251.25,,
"EVOPOP_T1","Population levels","BEL","Belgium","2001","2001",10286.57,,
"EVOPOP_T1","Population levels","BEL","Belgium","2002","2002",10332.78,,
"EVOPOP_T1","Population levels","BEL","Belgium","2003","2003",10376.13,,
"EVOPOP_T1","Population levels","BEL","Belgium","2004","2004",10421.14,,
"EVOPOP_T1","Population levels","BEL","Belgium","2005","2005",10478.62,,
"EVOPOP_T1","Population levels","BEL","Belgium","2006","2006",10547.96,,
"EVOPOP_T1","Population levels","BEL","Belgium","2007","2007",10625.7,,
"EVOPOP_T1","Population levels","BEL","Belgium","2008","2008",10709.97,,
"EVOPOP_T1","Population levels","BEL","Belgium","2009","2009",10796.49,,
"EVOPOP_T1","Population levels","BEL","Belgium","2010","2010",10895.58,,
"EVOPOP_T1","Population levels","BEL","Belgium","2012","2012",11106.96,,
"EVOPOP_T1","Population levels","BEL","Belgium","2013","2013",11196.04,,
"EVOPOP_T1","Population levels","BEL","Belgium","2014","2014",11283.68,,
"EVOPOP_T1","Population levels","BEL","Belgium","2015","2015",11369.21,,
"EVOPOP_T1","Population levels","BEL","Belgium","2016","2016",11452.41,,
"EVOPOP_T1","Population levels","BEL","Belgium","2017","2017",11533.04,,
"EVOPOP_T1","Population levels","BEL","Belgium","2018","2018",11610.97,,
"EVOPOP_T1","Population levels","LUX","Luxembourg","1993","1993",397.475,,
"EVOPOP_T1","Population levels","LUX","Luxembourg","1994","1994",402.925,,
"EVOPOP_T1","Population levels","LUX","Luxembourg","1995","1995",408.625,,
"EVOPOP_T1","Population levels","LUX","Luxembourg","1996","1996",414.225,,
"EVOPOP_T1","Population levels","LUX","Luxembourg","1997","1997",419.45,,
"EVOPOP_T1","Population levels","LUX","Luxembourg","1998","1998",424.7,,
"EVOPOP_T1","Population levels","LUX","Luxembourg","1999","1999",430.475,,
"EVOPOP_T1","Population levels","LUX","Luxembourg","2000","2000",436.3,,
"EVOPOP_T1","Population levels","LUX","Luxembourg","2001","2001",441.525,,
"EVOPOP_T1","Population levels","LUX","Luxembourg","2002","2002",446.175,,
"EVOPOP_T1","Population levels","LUX","Luxembourg","2003","2003",451.63,,
"EVOPOP_T1","Population levels","LUX","Luxembourg","2004","2004",458.095,,
"EVOPOP_T1","Population levels","LUX","Luxembourg","2005","2005",465.158,,
"EVOPOP_T1","Population levels","LUX","Luxembourg","2006","2006",472.636,,
"EVOPOP_T1","Population levels","LUX","Luxembourg","2007","2007",479.993,,
"EVOPOP_T1","Population levels","LUX","Luxembourg","2008","2008",488.649,,
"EVOPOP_T1","Population levels","LUX","Luxembourg","2009","2009",497.783,,
"EVOPOP_T1","Population levels","LUX","Luxembourg","2010","2010",506.953,,
"EVOPOP_T1","Population levels","LUX","Luxembourg","2012","2012",487.944,,
"EVOPOP_T1","Population levels","LUX","Luxembourg","2013","2013",492.218,,
"EVOPOP_T1","Population levels","LUX","Luxembourg","2014","2014",496.531,,
"EVOPOP_T1","Population levels","LUX","Luxembourg","2015","2015",500.871,,
"EVOPOP_T1","Population levels","LUX","Luxembourg","2016","2016",505.261,,
"EVOPOP_T1","Population levels","LUX","Luxembourg","2017","2017",509.669,,
"EVOPOP_T1","Population levels","LUX","Luxembourg","2018","2018",514.118,,
"EVOPOP_T1","Population levels","EU27","European Union (27 countries)","1993","1993",475471.5,,
"EVOPOP_T1","Population levels","EU27","European Union (27 countries)","1994","1994",476538.2,,
"EVOPOP_T1","Population levels","EU27","European Union (27 countries)","1995","1995",477432.6,,
"EVOPOP_T1","Population levels","EU27","European Union (27 countries)","1996","1996",478242.9,,
"EVOPOP_T1","Population levels","EU27","European Union (27 countries)","1997","1997",479775.1,,
"EVOPOP_T1","Population levels","EU27","European Union (27 countries)","1998","1998",481268.9,,
"EVOPOP_T1","Population levels","EU27","European Union (27 countries)","1999","1999",482192.6,,
"EVOPOP_T1","Population levels","EU27","European Union (27 countries)","2000","2000",483282.3,,
"EVOPOP_T1","Population levels","EU27","European Union (27 countries)","2001","2001",484216.1,,
"EVOPOP_T1","Population levels","EU27","European Union (27 countries)","2002","2002",485640.6,,
"EVOPOP_T1","Population levels","EU27","European Union (27 countries)","2003","2003",487722,,
"EVOPOP_T1","Population levels","EU27","European Union (27 countries)","2004","2004",489966.4,,
"EVOPOP_T1","Population levels","EU27","European Union (27 countries)","2005","2005",492172.7,,
"EVOPOP_T1","Population levels","EU27","European Union (27 countries)","2006","2006",494251.2,,
"EVOPOP_T1","Population levels","EU27","European Union (27 countries)","2007","2007",496489,,
"EVOPOP_T1","Population levels","EU27","European Union (27 countries)","2008","2008",498686.3,,
"EVOPOP_T1","Population levels","EU27","European Union (27 countries)","2009","2009",500395.4,,
"EVOPOP_T1","Population levels","EU27","European Union (27 countries)","2010","2010",501792.1,,
"EVOPOP_T1","Population levels","EU27","European Union (27 countries)","2011","2011",503278.6,,
"EVOPOP_T1","Population levels","EU27","European Union (27 countries)","2012","2012",504740.8,,
"EVOPOP_T1","Population levels","EU27","European Union (27 countries)","2013","2013",506167.4,,
"EVOPOP_T1","Population levels","EU27","European Union (27 countries)","2014","2014",507552.6,,
"EVOPOP_T1","Population levels","EU27","European Union (27 countries)","2015","2015",508894.1,,
"EVOPOP_T1","Population levels","EU27","European Union (27 countries)","2016","2016",510188.2,,
"EVOPOP_T1","Population levels","EU27","European Union (27 countries)","2017","2017",511437.2,,
"EVOPOP_T1","Population levels","EU27","European Union (27 countries)","2018","2018",512640.6,,
"EVOPOP_T1","Population levels","POL","Poland","1993","1993",38221,,
"EVOPOP_T1","Population levels","POL","Poland","1994","1994",38252,,
"EVOPOP_T1","Population levels","POL","Poland","1995","1995",38275,,
"EVOPOP_T1","Population levels","POL","Poland","1996","1996",38289,,
"EVOPOP_T1","Population levels","POL","Poland","1997","1997",38292,,
"EVOPOP_T1","Population levels","POL","Poland","1998","1998",38283,,
"EVOPOP_T1","Population levels","POL","Poland","1999","1999",38270,,
"EVOPOP_T1","Population levels","POL","Poland","2000","2000",38255.95,,
"EVOPOP_T1","Population levels","POL","Poland","2001","2001",38250.79,,
"EVOPOP_T1","Population levels","POL","Poland","2002","2002",38232.3,,
"EVOPOP_T1","Population levels","POL","Poland","2003","2003",38195.18,,
"EVOPOP_T1","Population levels","POL","Poland","2004","2004",38180.25,,
"EVOPOP_T1","Population levels","POL","Poland","2005","2005",38161.31,,
"EVOPOP_T1","Population levels","POL","Poland","2006","2006",38132.28,,
"EVOPOP_T1","Population levels","POL","Poland","2007","2007",38115.97,,
"EVOPOP_T1","Population levels","POL","Poland","2008","2008",38115.91,,
"EVOPOP_T1","Population levels","POL","Poland","2009","2009",38153.39,,
"EVOPOP_T1","Population levels","POL","Poland","2010","2010",38186.86,,
"EVOPOP_T1","Population levels","POL","Poland","2012","2012",38069.1,,
"EVOPOP_T1","Population levels","POL","Poland","2013","2013",38056.02,,
"EVOPOP_T1","Population levels","POL","Poland","2014","2014",38037.11,,
"EVOPOP_T1","Population levels","POL","Poland","2015","2015",38016.06,,
"EVOPOP_T1","Population levels","POL","Poland","2016","2016",37988.19,,
"EVOPOP_T1","Population levels","POL","Poland","2017","2017",37957.27,,
"EVOPOP_T1","Population levels","POL","Poland","2018","2018",37920.31,,
"EVOPOP_T1","Population levels","BRA","Brazil","1993","1993",153985.6,,
"EVOPOP_T1","Population levels","BRA","Brazil","1994","1994",156431,,
"EVOPOP_T1","Population levels","BRA","Brazil","1995","1995",158875,,
"EVOPOP_T1","Population levels","BRA","Brazil","1996","1996",161323.2,,
"EVOPOP_T1","Population levels","BRA","Brazil","1997","1997",163779.8,,
"EVOPOP_T1","Population levels","BRA","Brazil","1998","1998",166252.1,,
"EVOPOP_T1","Population levels","BRA","Brazil","1999","1999",168753.5,,
"EVOPOP_T1","Population levels","BRA","Brazil","2000","2000",171279.9,,
"EVOPOP_T1","Population levels","BRA","Brazil","2001","2001",173808,,
"EVOPOP_T1","Population levels","BRA","Brazil","2002","2002",176303.9,,
"EVOPOP_T1","Population levels","BRA","Brazil","2003","2003",178741.4,,
"EVOPOP_T1","Population levels","BRA","Brazil","2004","2004",181105.6,,
"EVOPOP_T1","Population levels","BRA","Brazil","2005","2005",183383.2,,
"EVOPOP_T1","Population levels","BRA","Brazil","2006","2006",185564.2,,
"EVOPOP_T1","Population levels","BRA","Brazil","2007","2007",187641.7,,
"EVOPOP_T1","Population levels","BRA","Brazil","2008","2008",189612.8,,
"EVOPOP_T1","Population levels","BRA","Brazil","2009","2009",191480.6,,
"EVOPOP_T1","Population levels","BRA","Brazil","2010","2010",193252.6,,
"EVOPOP_T1","Population levels","BRA","Brazil","2011","2011",194932.7,,
"EVOPOP_T1","Population levels","BRA","Brazil","2012","2012",196526.3,,
"EVOPOP_T1","Population levels","BRA","Brazil","2013","2013",198043.3,,
"EVOPOP_T1","Population levels","BRA","Brazil","2014","2014",199492.4,,
"EVOPOP_T1","Population levels","BRA","Brazil","2015","2015",200881.7,,
"EVOPOP_T1","Population levels","BRA","Brazil","2016","2016",202219.1,,
"EVOPOP_T1","Population levels","BRA","Brazil","2017","2017",203510.4,,
"EVOPOP_T1","Population levels","BRA","Brazil","2018","2018",204760,,
"EVOPOP_T1","Population levels","WLD","World","1993","1993",5561744,,
"EVOPOP_T1","Population levels","WLD","World","1994","1994",5644416,,
"EVOPOP_T1","Population levels","WLD","World","1995","1995",5726240,,
"EVOPOP_T1","Population levels","WLD","World","1996","1996",5807212,,
"EVOPOP_T1","Population levels","WLD","World","1997","1997",5887260,,
"EVOPOP_T1","Population levels","WLD","World","1998","1998",5966465,,
"EVOPOP_T1","Population levels","WLD","World","1999","1999",6044932,,
"EVOPOP_T1","Population levels","WLD","World","2000","2000",6122770,,
"EVOPOP_T1","Population levels","WLD","World","2001","2001",6200003,,
"EVOPOP_T1","Population levels","WLD","World","2002","2002",6276722,,
"EVOPOP_T1","Population levels","WLD","World","2003","2003",6353196,,
"EVOPOP_T1","Population levels","WLD","World","2004","2004",6429758,,
"EVOPOP_T1","Population levels","WLD","World","2005","2005",6506649,,
"EVOPOP_T1","Population levels","WLD","World","2006","2006",6583959,,
"EVOPOP_T1","Population levels","WLD","World","2007","2007",6661638,,
"EVOPOP_T1","Population levels","WLD","World","2008","2008",6739611,,
"EVOPOP_T1","Population levels","WLD","World","2009","2009",6817737,,
"EVOPOP_T1","Population levels","WLD","World","2010","2010",6895889,,
"EVOPOP_T1","Population levels","WLD","World","2011","2011",6975114,,
"EVOPOP_T1","Population levels","WLD","World","2012","2012",7052958,,
"EVOPOP_T1","Population levels","WLD","World","2013","2013",7130096,,
"EVOPOP_T1","Population levels","WLD","World","2014","2014",7207241,,
"EVOPOP_T1","Population levels","WLD","World","2015","2015",7284296,,
"EVOPOP_T1","Population levels","WLD","World","2016","2016",7359238,,
"EVOPOP_T1","Population levels","WLD","World","2017","2017",7434213,,
"EVOPOP_T1","Population levels","WLD","World","2018","2018",7509016,,
